Feature,Importance,ImportancePct,Model
Sales_Lag_14,0.3502531349658966,35.02531519995833,XGBOOST
Sales_RollMean_14,0.2108491063117981,21.08491165659179,XGBOOST
Sales_RollMean_7,0.11409343779087067,11.409344333952012,XGBOOST
Promo,0.1109161376953125,11.091614308944191,XGBOOST
Sales_RollStd_7,0.05926734581589699,5.926734869821637,XGBOOST
Sales_Lag_1,0.04236176237463951,4.236176443479804,XGBOOST
Sales_Lag_7,0.01616058312356472,1.616058390949433,XGBOOST
Sales_RollStd_14,0.014827925711870193,1.4827926432989336,XGBOOST
Day,0.013711370527744293,1.3711371194562563,XGBOOST
DayOfWeek,0.011357884854078293,1.1357885406440662,XGBOOST
SchoolHoliday,0.008655759505927563,0.8655759926878814,XGBOOST
Month,0.008038821630179882,0.8038822021127899,XGBOOST
StoreType_d,0.003498650621622801,0.34986507917709375,XGBOOST
Promo2,0.003178291954100132,0.3178292108668425,XGBOOST
Sales_Lag_30,0.0031481801997870207,0.3148180352890904,XGBOOST
Assortment_b,0.0030722850933670998,0.3072285242780014,XGBOOST
StateHoliday_a,0.002883168403059244,0.28831685432749404,XGBOOST
Year,0.0028314203955233097,0.2831420533222371,XGBOOST
StoreType_c,0.0026917471550405025,0.26917472859469044,XGBOOST
PromoInterval_Jan_Apr_Jul_Oct,0.0026787947863340378,0.26787949166105335,XGBOOST
StateHoliday_b,0.0024962325114756823,0.24962326328737175,XGBOOST
PromoInterval_Mar_Jun_Sept_Dec,0.0016132385935634375,0.16132386720192682,XGBOOST
StateHoliday_c,0.0015530866803601384,0.1553086755890631,XGBOOST
StoreType_b,0.0015516502317041159,0.15516503071647506,XGBOOST
CompetitionDistance,0.0015197239117696881,0.1519723985677666,XGBOOST
CompetitionOpenSinceYear,0.0014030205784365535,0.1403020646668956,XGBOOST
Promo2SinceYear,0.0013083269586786628,0.13083270223058777,XGBOOST
Assortment_c,0.001287414925172925,0.1287414987783135,XGBOOST
Promo2SinceWeek,0.0012519876472651958,0.12519877081524888,XGBOOST
Store,0.0010599630186334252,0.10599630701820799,XGBOOST
CompetitionOpenSinceMonth,0.00047949739382602274,0.04794974171451812,XGBOOST
Open,0.0,0.0,XGBOOST
